{"cameraMode":{"drawMode":0,"name":"Shaded","section":"Shading Mode"},"sceneLighting":false,"audioPlay":false,"sceneViewState":{"showFog":true,"showMaterialUpdate":false,"showSkybox":false,"showFlares":true,"showImageEffects":true,"showParticleSystems":true},"in2DMode":false,"pivot":{"x":349.4383544921875,"y":112.51025390625,"z":528.50634765625},"rotation":{"x":0.9377704858779907,"y":-0.05938512459397316,"z":-0.2010658234357834,"w":-0.27688586711883547},"size":1236.010498046875,"orthographic":false}